{
  "tests": [
    {
      "name": "Exercício 1 - Caso 1",
      "setup": "",
      "run": "mvn test -DargLine=\"-Dfile.encoding=UTF-8\" -Dtest=school.sptech.execicio_valendo_nota.ListarAlbumTest#listarAlbuns",
      "input": "",
      "output": "",
      "comparison": "exact",
      "timeout": 10,
      "points": 1
    },
    {
      "name": "Exercício 1 - Caso 2",
      "setup": "",
      "run": "mvn test -DargLine=\"-Dfile.encoding=UTF-8\" -Dtest=school.sptech.execicio_valendo_nota.ListarAlbumTest#listarAlbunsVazio",
      "input": "",
      "output": "",
      "comparison": "exact",
      "timeout": 10,
      "points": 1
    },
    {
      "name": "Exercício 1 - Caso 3",
      "setup": "",
      "run": "mvn test -DargLine=\"-Dfile.encoding=UTF-8\" -Dtest=school.sptech.execicio_valendo_nota.ListarAlbumTest#listarAlbuns25",
      "input": "",
      "output": "",
      "comparison": "exact",
      "timeout": 10,
      "points": 1
    },
    {
      "name": "Exercício 2 - Caso 1",
      "setup": "",
      "run": "mvn test -DargLine=\"-Dfile.encoding=UTF-8\" -Dtest=school.sptech.execicio_valendo_nota.CadastrarAlbumTest#cadastrarAlbum",
      "input": "",
      "output": "",
      "comparison": "exact",
      "timeout": 10,
      "points": 1
    },
    {
      "name": "Exercício 2 - Caso 2",
      "setup": "",
      "run": "mvn test -DargLine=\"-Dfile.encoding=UTF-8\" -Dtest=school.sptech.execicio_valendo_nota.CadastrarAlbumTest#cadastrarAlbumComId",
      "input": "",
      "output": "",
      "comparison": "exact",
      "timeout": 10,
      "points": 1
    },
    {
      "name": "Exercício 3 - Caso 1",
      "setup": "",
      "run": "mvn test -DargLine=\"-Dfile.encoding=UTF-8\" -Dtest=school.sptech.execicio_valendo_nota.BuscarAlbumPorIdTest#buscarAlbum",
      "input": "",
      "output": "",
      "comparison": "exact",
      "timeout": 10,
      "points": 1
    },
    {
      "name": "Exercício 3 - Caso 2",
      "setup": "",
      "run": "mvn test -DargLine=\"-Dfile.encoding=UTF-8\" -Dtest=school.sptech.execicio_valendo_nota.BuscarAlbumPorIdTest#buscarAlbumNaoExistente",
      "input": "",
      "output": "",
      "comparison": "exact",
      "timeout": 10,
      "points": 1
    },
    {
      "name": "Exercício 4 - Caso 1",
      "setup": "",
      "run": "mvn test -DargLine=\"-Dfile.encoding=UTF-8\" -Dtest=school.sptech.execicio_valendo_nota.AtualizarAlbumTest#atualizarAlbum",
      "input": "",
      "output": "",
      "comparison": "exact",
      "timeout": 10,
      "points": 1
    },
    {
      "name": "Exercício 4 - Caso 2",
      "setup": "",
      "run": "mvn test -DargLine=\"-Dfile.encoding=UTF-8\" -Dtest=school.sptech.execicio_valendo_nota.AtualizarAlbumTest#atualizarAlbumNaoExistente",
      "input": "",
      "output": "",
      "comparison": "exact",
      "timeout": 10,
      "points": 1
    },
    {
      "name": "Exercício 4 - Caso 3",
      "setup": "",
      "run": "mvn test -DargLine=\"-Dfile.encoding=UTF-8\" -Dtest=school.sptech.execicio_valendo_nota.AtualizarAlbumTest#atualizarAlbumComIdDiferente",
      "input": "",
      "output": "",
      "comparison": "exact",
      "timeout": 10,
      "points": 1
    },
    {
      "name": "Exercício 5 - Caso 1",
      "setup": "",
      "run": "mvn test -DargLine=\"-Dfile.encoding=UTF-8\" -Dtest=school.sptech.execicio_valendo_nota.DeleteAlbumTest#deletarAlbum",
      "input": "",
      "output": "",
      "comparison": "exact",
      "timeout": 10,
      "points": 1
    },
    {
      "name": "Exercício 5 - Caso 2",
      "setup": "",
      "run": "mvn test -DargLine=\"-Dfile.encoding=UTF-8\" -Dtest=school.sptech.execicio_valendo_nota.DeleteAlbumTest#deletarAlbumNaoExistente",
      "input": "",
      "output": "",
      "comparison": "exact",
      "timeout": 10,
      "points": 1
    },
    {
      "name": "Exercício 6 - Caso 1",
      "setup": "",
      "run": "mvn test -DargLine=\"-Dfile.encoding=UTF-8\" -Dtest=school.sptech.execicio_valendo_nota.BuscarPorArtistaTest#buscarPorArtista",
      "input": "",
      "output": "",
      "comparison": "exact",
      "timeout": 10,
      "points": 1
    },
    {
      "name": "Exercício 6 - Caso 2",
      "setup": "",
      "run": "mvn test -DargLine=\"-Dfile.encoding=UTF-8\" -Dtest=school.sptech.execicio_valendo_nota.BuscarPorArtistaTest#buscarPorArtistaNaoExistente",
      "input": "",
      "output": "",
      "comparison": "exact",
      "timeout": 10,
      "points": 1
    },
    {
      "name": "Exercício 6 - Caso 3",
      "setup": "",
      "run": "mvn test -DargLine=\"-Dfile.encoding=UTF-8\" -Dtest=school.sptech.execicio_valendo_nota.BuscarPorArtistaTest#buscarPorArtistaNaoCapitalizado",
      "input": "",
      "output": "",
      "comparison": "exact",
      "timeout": 10,
      "points": 1
    },
    {
      "name": "Exercício 6 - Caso 4",
      "setup": "",
      "run": "mvn test -DargLine=\"-Dfile.encoding=UTF-8\" -Dtest=school.sptech.execicio_valendo_nota.BuscarPorArtistaTest#buscarPorArtistaCapitalizado",
      "input": "",
      "output": "",
      "comparison": "exact",
      "timeout": 10,
      "points": 1
    },
    {
      "name": "Exercício 7 - Caso 1",
      "setup": "",
      "run": "mvn test -DargLine=\"-Dfile.encoding=UTF-8\" -Dtest=school.sptech.execicio_valendo_nota.MaisVendidoTest#listarMaisVendido",
      "input": "",
      "output": "",
      "comparison": "exact",
      "timeout": 10,
      "points": 1
    },
    {
      "name": "Exercício 7 - Caso 2",
      "setup": "",
      "run": "mvn test -DargLine=\"-Dfile.encoding=UTF-8\" -Dtest=school.sptech.execicio_valendo_nota.MaisVendidoTest#listarMaisVendidoSemAlbuns",
      "input": "",
      "output": "",
      "comparison": "exact",
      "timeout": 10,
      "points": 1
    },
    {
      "name": "Exercício 8 - Caso 1",
      "setup": "",
      "run": "mvn test -DargLine=\"-Dfile.encoding=UTF-8\" -Dtest=school.sptech.execicio_valendo_nota.MenosVendidoTest#listarMenosVendido",
      "input": "",
      "output": "",
      "comparison": "exact",
      "timeout": 10,
      "points": 1
    },
    {
      "name": "Exercício 8 - Caso 2",
      "setup": "",
      "run": "mvn test -DargLine=\"-Dfile.encoding=UTF-8\" -Dtest=school.sptech.execicio_valendo_nota.MenosVendidoTest#listarMenosVendidoSemAlbum",
      "input": "",
      "output": "",
      "comparison": "exact",
      "timeout": 10,
      "points": 1
    },
    {
      "name": "Exercício 9 - Caso 1",
      "setup": "",
      "run": "mvn test -DargLine=\"-Dfile.encoding=UTF-8\" -Dtest=school.sptech.execicio_valendo_nota.BuscarPeriodoTest#buscarPeriodos",
      "input": "",
      "output": "",
      "comparison": "exact",
      "timeout": 10,
      "points": 1
    },
    {
      "name": "Exercício 9 - Caso 2",
      "setup": "",
      "run": "mvn test -DargLine=\"-Dfile.encoding=UTF-8\" -Dtest=school.sptech.execicio_valendo_nota.BuscarPeriodoTest#buscarPeriodosNaoExistente",
      "input": "",
      "output": "",
      "comparison": "exact",
      "timeout": 10,
      "points": 1
    }
,
    {
      "name": "Exercício 9 - Caso 3",
      "setup": "",
      "run": "mvn test -DargLine=\"-Dfile.encoding=UTF-8\" -Dtest=school.sptech.execicio_valendo_nota.BuscarPeriodoTest#buscarPeriodosDataInicioMaiorQueFim",
      "input": "",
      "output": "",
      "comparison": "exact",
      "timeout": 10,
      "points": 1
    }
  ]
}